{"cameraMode":{"drawMode":0,"name":"Shaded","section":"Shading Mode"},"sceneLighting":true,"audioPlay":false,"sceneViewState":{"m_AlwaysRefresh":false,"showFog":true,"showSkybox":false,"showFlares":true,"showImageEffects":true,"showParticleSystems":true,"showVisualEffectGraphs":true,"m_FxEnabled":true},"in2DMode":false,"pivot":{"x":1.3108723163604737,"y":-10.003746032714844,"z":-3.5863728523254396},"rotation":{"x":0.20230801403522492,"y":0.7790096998214722,"z":-0.5061231851577759,"w":0.31064411997795107},"size":14.147494316101075,"orthographic":false}