{"cameraMode":{"drawMode":0,"name":"Shaded","section":"Shading Mode"},"sceneLighting":true,"audioPlay":false,"sceneViewState":{"m_AlwaysRefresh":false,"showFog":true,"showSkybox":false,"showFlares":true,"showImageEffects":true,"showParticleSystems":true,"showVisualEffectGraphs":true,"m_FxEnabled":true},"in2DMode":false,"pivot":{"x":1.9751813411712647,"y":-1.1242828369140626,"z":0.9679660797119141},"rotation":{"x":-0.5709543228149414,"y":-0.05527827516198158,"z":0.03870522230863571,"w":-0.8181189298629761},"size":9.919211387634278,"orthographic":false}