{"cameraMode":{"drawMode":0,"name":"Shaded","section":"Shading Mode"},"sceneLighting":true,"audioPlay":false,"sceneViewState":{"m_AlwaysRefresh":false,"showFog":true,"showSkybox":false,"showFlares":true,"showImageEffects":true,"showParticleSystems":true,"showVisualEffectGraphs":true,"m_FxEnabled":true},"in2DMode":false,"pivot":{"x":1.0373278856277466,"y":-1.5349864959716797,"z":-0.21307611465454102},"rotation":{"x":-0.5990071296691895,"y":0.001232833368703723,"z":-0.0007930918945930898,"w":-0.8006554245948792},"size":9.919211387634278,"orthographic":false}