{"cameraMode":{"drawMode":0,"name":"Shaded","section":"Shading Mode"},"sceneLighting":true,"audioPlay":false,"sceneViewState":{"m_AlwaysRefresh":false,"showFog":true,"showSkybox":false,"showFlares":true,"showImageEffects":true,"showParticleSystems":true,"showVisualEffectGraphs":true,"m_FxEnabled":true},"in2DMode":false,"pivot":{"x":0.8339321613311768,"y":-2.6608734130859377,"z":1.0441460609436036},"rotation":{"x":-0.5448768734931946,"y":0.0075704981572926048,"z":-0.00479672709479928,"w":-0.8383841514587402},"size":9.919211387634278,"orthographic":false}