{"cameraMode":{"drawMode":0,"name":"Shaded","section":"Shading Mode"},"sceneLighting":true,"audioPlay":false,"sceneViewState":{"m_AlwaysRefresh":false,"showFog":true,"showSkybox":false,"showFlares":true,"showImageEffects":true,"showParticleSystems":true,"showVisualEffectGraphs":true,"m_FxEnabled":true},"in2DMode":false,"pivot":{"x":0.7930752038955689,"y":0.446932315826416,"z":-8.427557945251465},"rotation":{"x":0.00413112249225378,"y":0.9925456643104553,"z":-0.11698640882968903,"w":0.036613285541534427},"size":10.315711975097657,"orthographic":false}