{"cameraMode":{"drawMode":0,"name":"Shaded","section":"Shading Mode"},"sceneLighting":true,"audioPlay":false,"sceneViewState":{"m_AlwaysRefresh":false,"showFog":true,"showSkybox":false,"showFlares":true,"showImageEffects":true,"showParticleSystems":true,"showVisualEffectGraphs":true,"m_FxEnabled":true},"in2DMode":false,"pivot":{"x":-0.677934467792511,"y":-2.3038485050201418,"z":-4.554819107055664},"rotation":{"x":0.0026891326997429134,"y":0.9676142334938049,"z":-0.2525624930858612,"w":0.011029035784304142},"size":10.315711975097657,"orthographic":false}