{"cameraMode":{"drawMode":0,"name":"Shaded","section":"Shading Mode"},"sceneLighting":true,"audioPlay":false,"sceneViewState":{"m_AlwaysRefresh":false,"showFog":true,"showSkybox":false,"showFlares":true,"showImageEffects":true,"showParticleSystems":true,"showVisualEffectGraphs":true,"m_FxEnabled":true},"in2DMode":false,"pivot":{"x":-0.7367204427719116,"y":2.1872739791870119,"z":-1.3600845336914063},"rotation":{"x":0.002075353404507041,"y":0.985082745552063,"z":-0.17195652425289155,"w":0.012689515948295594},"size":7.580278396606445,"orthographic":false}