{"cameraMode":{"drawMode":0,"name":"Shaded","section":"Shading Mode"},"sceneLighting":true,"audioPlay":false,"sceneViewState":{"m_AlwaysRefresh":false,"showFog":true,"showSkybox":false,"showFlares":true,"showImageEffects":true,"showParticleSystems":true,"showVisualEffectGraphs":true,"m_FxEnabled":true},"in2DMode":false,"pivot":{"x":1.1338474750518799,"y":2.3714988231658937,"z":0.2786911427974701},"rotation":{"x":0.058392614126205447,"y":0.8966159224510193,"z":-0.4218452274799347,"w":0.12314951419830322},"size":11.209554672241211,"orthographic":false}