{"cameraMode":{"drawMode":0,"name":"Shaded","section":"Shading Mode"},"sceneLighting":true,"audioPlay":false,"sceneViewState":{"m_AlwaysRefresh":false,"showFog":true,"showSkybox":false,"showFlares":true,"showImageEffects":true,"showParticleSystems":true,"showVisualEffectGraphs":true,"m_FxEnabled":true},"in2DMode":false,"pivot":{"x":-0.09334296733140946,"y":-3.115546703338623,"z":3.2688605785369875},"rotation":{"x":-0.5636086463928223,"y":-0.006170001812279224,"z":0.00432990025728941,"w":-0.8259272575378418},"size":9.919211387634278,"orthographic":false}