{"cameraMode":{"drawMode":0,"name":"Shaded","section":"Shading Mode"},"sceneLighting":true,"audioPlay":false,"sceneViewState":{"m_AlwaysRefresh":false,"showFog":true,"showSkybox":false,"showFlares":true,"showImageEffects":true,"showParticleSystems":true,"showVisualEffectGraphs":true,"m_FxEnabled":true},"in2DMode":false,"pivot":{"x":0.4515814781188965,"y":-2.873554229736328,"z":2.1870968341827394},"rotation":{"x":-0.6097628474235535,"y":-0.0011584116145968438,"z":0.0010158488294109703,"w":-0.7924991846084595},"size":9.919211387634278,"orthographic":false}