{"cameraMode":{"drawMode":0,"name":"Shaded","section":"Shading Mode"},"sceneLighting":true,"audioPlay":false,"sceneViewState":{"m_AlwaysRefresh":false,"showFog":true,"showSkybox":false,"showFlares":true,"showImageEffects":true,"showParticleSystems":true,"showVisualEffectGraphs":true,"m_FxEnabled":true},"in2DMode":false,"pivot":{"x":-0.26187098026275637,"y":5.200605392456055,"z":3.439901351928711},"rotation":{"x":-0.4592503309249878,"y":0.01999451033771038,"z":-0.010229166597127915,"w":-0.8879491686820984},"size":9.919211387634278,"orthographic":false}