{"cameraMode":{"drawMode":0,"name":"Shaded","section":"Shading Mode"},"sceneLighting":true,"audioPlay":false,"sceneViewState":{"m_AlwaysRefresh":false,"showFog":true,"showSkybox":false,"showFlares":true,"showImageEffects":true,"showParticleSystems":true,"showVisualEffectGraphs":true,"m_FxEnabled":true},"in2DMode":false,"pivot":{"x":0.2913833260536194,"y":-2.7951583862304689,"z":2.472072124481201},"rotation":{"x":-0.6037493348121643,"y":0.010789438150823117,"z":-0.008049674332141877,"w":-0.7969780564308167},"size":9.919211387634278,"orthographic":false}