{"cameraMode":{"drawMode":0,"name":"Shaded","section":"Shading Mode"},"sceneLighting":true,"audioPlay":false,"sceneViewState":{"m_AlwaysRefresh":false,"showFog":true,"showSkybox":false,"showFlares":true,"showImageEffects":true,"showParticleSystems":true,"showVisualEffectGraphs":true,"m_FxEnabled":true},"in2DMode":false,"pivot":{"x":0.8594993352890015,"y":1.8576568365097047,"z":-1.6020538806915284},"rotation":{"x":-0.5220585465431213,"y":-0.0050976816564798359,"z":0.0032358290627598764,"w":-0.852812647819519},"size":9.919211387634278,"orthographic":false}