{"cameraMode":{"drawMode":0,"name":"Shaded","section":"Shading Mode"},"sceneLighting":true,"audioPlay":false,"sceneViewState":{"m_AlwaysRefresh":false,"showFog":true,"showSkybox":false,"showFlares":true,"showImageEffects":true,"showParticleSystems":true,"showVisualEffectGraphs":true,"m_FxEnabled":true},"in2DMode":false,"pivot":{"x":1.6248540878295899,"y":4.189813613891602,"z":2.186523675918579},"rotation":{"x":-0.45001012086868288,"y":-0.0040069459937512878,"z":0.00213127420283854,"w":-0.8929408192634583},"size":9.919211387634278,"orthographic":false}