{"cameraMode":{"drawMode":0,"name":"Shaded","section":"Shading Mode"},"sceneLighting":true,"audioPlay":false,"sceneViewState":{"m_AlwaysRefresh":false,"showFog":true,"showSkybox":false,"showFlares":true,"showImageEffects":true,"showParticleSystems":true,"showVisualEffectGraphs":true,"m_FxEnabled":true},"in2DMode":false,"pivot":{"x":0.5562163591384888,"y":-4.757704734802246,"z":2.8787789344787599},"rotation":{"x":-0.6002048850059509,"y":0.003628428326919675,"z":-0.0025989359710365535,"w":-0.7997516393661499},"size":9.919211387634278,"orthographic":false}