{"cameraMode":{"drawMode":0,"name":"Shaded","section":"Shading Mode"},"sceneLighting":true,"audioPlay":false,"sceneViewState":{"m_AlwaysRefresh":false,"showFog":true,"showSkybox":false,"showFlares":true,"showImageEffects":true,"showParticleSystems":true,"showVisualEffectGraphs":true,"m_FxEnabled":true},"in2DMode":false,"pivot":{"x":0.75111323595047,"y":1.494436264038086,"z":-2.3511276245117189},"rotation":{"x":-0.5398615598678589,"y":0.000021425379600259475,"z":0.00010301503061782569,"w":-0.8416770696640015},"size":9.919211387634278,"orthographic":false}