{"cameraMode":{"drawMode":0,"name":"Shaded","section":"Shading Mode"},"sceneLighting":true,"audioPlay":false,"sceneViewState":{"m_AlwaysRefresh":false,"showFog":true,"showSkybox":false,"showFlares":true,"showImageEffects":true,"showParticleSystems":true,"showVisualEffectGraphs":true,"m_FxEnabled":true},"in2DMode":false,"pivot":{"x":0.864628791809082,"y":7.0192975997924809,"z":0.5146188735961914},"rotation":{"x":0.34885334968566897,"y":0.06654534488916397,"z":-0.02494003437459469,"w":0.9344328045845032},"size":9.919211387634278,"orthographic":false}