{"cameraMode":{"drawMode":0,"name":"Shaded","section":"Shading Mode"},"sceneLighting":true,"audioPlay":false,"sceneViewState":{"m_AlwaysRefresh":false,"showFog":true,"showSkybox":false,"showFlares":true,"showImageEffects":true,"showParticleSystems":true,"showVisualEffectGraphs":true,"m_FxEnabled":true},"in2DMode":false,"pivot":{"x":0.5365643501281738,"y":-5.3958892822265629,"z":3.7447657585144045},"rotation":{"x":0.5733083486557007,"y":0.02134781889617443,"z":-0.015058387070894242,"w":0.8188641667366028},"size":9.919211387634278,"orthographic":false}