{"cameraMode":{"drawMode":0,"name":"Shaded","section":"Shading Mode"},"sceneLighting":true,"audioPlay":false,"sceneViewState":{"m_AlwaysRefresh":false,"showFog":true,"showSkybox":false,"showFlares":true,"showImageEffects":true,"showParticleSystems":true,"showVisualEffectGraphs":true,"m_FxEnabled":true},"in2DMode":false,"pivot":{"x":-0.6497329473495483,"y":-1.4437150955200196,"z":1.7758588790893555},"rotation":{"x":0.4567076861858368,"y":0.0005176211707293987,"z":-0.00036761234514415264,"w":0.8895671367645264},"size":9.919211387634278,"orthographic":false}