{"cameraMode":{"drawMode":0,"name":"Shaded","section":"Shading Mode"},"sceneLighting":true,"audioPlay":false,"sceneViewState":{"m_AlwaysRefresh":false,"showFog":true,"showSkybox":false,"showFlares":true,"showImageEffects":true,"showParticleSystems":true,"showVisualEffectGraphs":true,"m_FxEnabled":true},"in2DMode":false,"pivot":{"x":-1.2398078441619874,"y":3.8111047744750978,"z":6.80167293548584},"rotation":{"x":0.2857193648815155,"y":-0.016671376302838327,"z":0.0048773689195513729,"w":0.9581099152565002},"size":9.919211387634278,"orthographic":false}