{"cameraMode":{"drawMode":0,"name":"Shaded","section":"Shading Mode"},"sceneLighting":true,"audioPlay":false,"sceneViewState":{"m_AlwaysRefresh":false,"showFog":true,"showSkybox":false,"showFlares":true,"showImageEffects":true,"showParticleSystems":true,"showVisualEffectGraphs":true,"m_FxEnabled":true},"in2DMode":false,"pivot":{"x":1.267872929573059,"y":-5.069171905517578,"z":-2.0890603065490724},"rotation":{"x":-0.0021775623317807914,"y":0.8243416547775269,"z":-0.5661637187004089,"w":-0.002923307241871953},"size":9.919211387634278,"orthographic":false}