{"cameraMode":{"drawMode":0,"name":"Shaded","section":"Shading Mode"},"sceneLighting":true,"audioPlay":false,"sceneViewState":{"m_AlwaysRefresh":false,"showFog":true,"showSkybox":false,"showFlares":true,"showImageEffects":true,"showParticleSystems":true,"showVisualEffectGraphs":true,"m_FxEnabled":true},"in2DMode":false,"pivot":{"x":-1.075331211090088,"y":-0.10522794723510742,"z":-8.39712142944336},"rotation":{"x":0.009962032549083233,"y":0.9822790026664734,"z":-0.17907528579235078,"w":0.055443186312913898},"size":9.919211387634278,"orthographic":false}