{"cameraMode":{"drawMode":0,"name":"Shaded","section":"Shading Mode"},"sceneLighting":true,"audioPlay":false,"sceneViewState":{"m_AlwaysRefresh":false,"showFog":true,"showSkybox":false,"showFlares":true,"showImageEffects":true,"showParticleSystems":true,"showVisualEffectGraphs":true,"m_FxEnabled":true},"in2DMode":false,"pivot":{"x":0.0394747257232666,"y":0.3989906311035156,"z":1.9520220756530762},"rotation":{"x":-0.6227045059204102,"y":-0.010531701147556305,"z":0.008504663594067097,"w":-0.7822715640068054},"size":9.919211387634278,"orthographic":false}