{"cameraMode":{"drawMode":0,"name":"Shaded","section":"Shading Mode"},"sceneLighting":true,"audioPlay":false,"sceneViewState":{"m_AlwaysRefresh":false,"showFog":true,"showSkybox":false,"showFlares":true,"showImageEffects":true,"showParticleSystems":true,"showVisualEffectGraphs":true,"m_FxEnabled":true},"in2DMode":false,"pivot":{"x":-0.061410389840602878,"y":0.011907577514648438,"z":-0.33348560333251955},"rotation":{"x":-0.6674308180809021,"y":-0.003315390320494771,"z":0.0030992021784186365,"w":-0.7445853352546692},"size":9.919211387634278,"orthographic":false}