{"cameraMode":{"drawMode":0,"name":"Shaded","section":"Shading Mode"},"sceneLighting":true,"audioPlay":false,"sceneViewState":{"m_AlwaysRefresh":false,"showFog":true,"showSkybox":false,"showFlares":true,"showImageEffects":true,"showParticleSystems":true,"showVisualEffectGraphs":true,"m_FxEnabled":true},"in2DMode":false,"pivot":{"x":-0.3538132309913635,"y":-12.044445037841797,"z":-8.365117073059082},"rotation":{"x":0.013958711177110672,"y":0.8657954931259155,"z":-0.5001029968261719,"w":0.023338565602898599},"size":12.341054916381836,"orthographic":false}