{"cameraMode":{"drawMode":0,"name":"Shaded","section":"Shading Mode"},"sceneLighting":false,"audioPlay":false,"sceneViewState":{"m_AlwaysRefresh":false,"showFog":true,"showSkybox":false,"showFlares":true,"showImageEffects":true,"showParticleSystems":true,"showVisualEffectGraphs":true,"m_FxEnabled":true},"in2DMode":false,"pivot":{"x":0.29160594940185549,"y":4.178852081298828,"z":6.237026214599609},"rotation":{"x":0.0059271822683513168,"y":-0.978113055229187,"z":0.2073967605829239,"w":0.04206660017371178},"size":0.21650634706020356,"orthographic":false}