{"cameraMode":{"drawMode":0,"name":"Shaded","section":"Shading Mode"},"sceneLighting":true,"audioPlay":false,"sceneViewState":{"m_AlwaysRefresh":false,"showFog":true,"showSkybox":false,"showFlares":true,"showImageEffects":true,"showParticleSystems":true,"showVisualEffectGraphs":true,"m_FxEnabled":true},"in2DMode":false,"pivot":{"x":0.577673077583313,"y":-3.01290225982666,"z":-0.7207431793212891},"rotation":{"x":-0.5978125333786011,"y":-0.0023955211509019138,"z":0.0018667519325390459,"w":-0.8015662431716919},"size":9.919211387634278,"orthographic":false}