{"cameraMode":{"drawMode":0,"name":"Shaded","section":"Shading Mode"},"sceneLighting":true,"audioPlay":false,"sceneViewState":{"m_AlwaysRefresh":false,"showFog":true,"showSkybox":false,"showFlares":true,"showImageEffects":true,"showParticleSystems":true,"showVisualEffectGraphs":true,"m_FxEnabled":true},"in2DMode":false,"pivot":{"x":4.6650872230529789,"y":-1.9976282119750977,"z":2.8511791229248049},"rotation":{"x":-0.36731597781181338,"y":-0.6076749563217163,"z":0.37458330392837527,"w":-0.5961428880691528},"size":9.919211387634278,"orthographic":false}