{"cameraMode":{"drawMode":0,"name":"Shaded","section":"Shading Mode"},"sceneLighting":true,"audioPlay":false,"sceneViewState":{"m_AlwaysRefresh":false,"showFog":true,"showSkybox":false,"showFlares":true,"showImageEffects":true,"showParticleSystems":true,"showVisualEffectGraphs":true,"m_FxEnabled":true},"in2DMode":false,"pivot":{"x":2.67978835105896,"y":5.207074165344238,"z":-0.9521757364273071},"rotation":{"x":-0.5182253122329712,"y":0.0038502318784594537,"z":-0.002258497988805175,"w":-0.8551726937294006},"size":9.919211387634278,"orthographic":false}