{"cameraMode":{"drawMode":0,"name":"Shaded","section":"Shading Mode"},"sceneLighting":true,"audioPlay":false,"sceneViewState":{"m_AlwaysRefresh":false,"showFog":true,"showSkybox":false,"showFlares":true,"showImageEffects":true,"showParticleSystems":true,"showVisualEffectGraphs":true,"m_FxEnabled":true},"in2DMode":false,"pivot":{"x":0.7240392565727234,"y":-2.679884910583496,"z":0.2949090003967285},"rotation":{"x":-0.575904369354248,"y":-0.011027560569345951,"z":0.007848759181797505,"w":-0.8173424005508423},"size":9.919211387634278,"orthographic":false}