{"cameraMode":{"drawMode":0,"name":"Shaded","section":"Shading Mode"},"sceneLighting":false,"audioPlay":false,"sceneViewState":{"m_AlwaysRefresh":false,"showFog":true,"showSkybox":false,"showFlares":true,"showImageEffects":true,"showParticleSystems":true,"showVisualEffectGraphs":true,"m_FxEnabled":true},"in2DMode":false,"pivot":{"x":0.5192751288414002,"y":2.8762571811676027,"z":0.03500911220908165},"rotation":{"x":0.008573186583817006,"y":-0.9900870323181152,"z":-0.06809213012456894,"w":-0.12265562266111374},"size":5.01915168762207,"orthographic":false}