{"cameraMode":{"drawMode":0,"name":"Shaded","section":"Shading Mode"},"sceneLighting":true,"audioPlay":false,"sceneViewState":{"m_AlwaysRefresh":false,"showFog":true,"showSkybox":false,"showFlares":true,"showImageEffects":true,"showParticleSystems":true,"showVisualEffectGraphs":true,"m_FxEnabled":true},"in2DMode":false,"pivot":{"x":0.6803172826766968,"y":-0.8950862884521484,"z":-0.3128170967102051},"rotation":{"x":-0.6390458941459656,"y":0.00003512103285174817,"z":0.00010108798596775159,"w":-0.7690807580947876},"size":9.919211387634278,"orthographic":false}