{"cameraMode":{"drawMode":0,"name":"Shaded","section":"Shading Mode"},"sceneLighting":true,"audioPlay":false,"sceneViewState":{"m_AlwaysRefresh":false,"showFog":true,"showSkybox":false,"showFlares":true,"showImageEffects":true,"showParticleSystems":true,"showVisualEffectGraphs":true,"m_FxEnabled":true},"in2DMode":false,"pivot":{"x":1.2209346294403077,"y":8.146400451660157,"z":4.738648414611816},"rotation":{"x":-0.42283204197883608,"y":-0.027165623381733896,"z":0.012802437879145146,"w":-0.9056360721588135},"size":9.919211387634278,"orthographic":false}