{"cameraMode":{"drawMode":0,"name":"Shaded","section":"Shading Mode"},"sceneLighting":true,"audioPlay":false,"sceneViewState":{"m_AlwaysRefresh":false,"showFog":true,"showSkybox":false,"showFlares":true,"showImageEffects":true,"showParticleSystems":true,"showVisualEffectGraphs":true,"m_FxEnabled":true},"in2DMode":false,"pivot":{"x":-0.37528857588768008,"y":-1.046731948852539,"z":-1.2613818645477296},"rotation":{"x":-0.6561405658721924,"y":0.045221809297800067,"z":-0.039315227419137958,"w":-0.7521646022796631},"size":9.919211387634278,"orthographic":false}