{"cameraMode":{"drawMode":0,"name":"Shaded","section":"Shading Mode"},"sceneLighting":true,"audioPlay":false,"sceneViewState":{"m_AlwaysRefresh":false,"showFog":true,"showSkybox":false,"showFlares":true,"showImageEffects":true,"showParticleSystems":true,"showVisualEffectGraphs":true,"m_FxEnabled":true},"in2DMode":false,"pivot":{"x":0.5060455203056336,"y":5.9074554443359379,"z":0.12514019012451173},"rotation":{"x":-0.5039511919021606,"y":-0.01682124473154545,"z":0.009934015572071076,"w":-0.8634495139122009},"size":9.699484825134278,"orthographic":false}