{"cameraMode":{"drawMode":0,"name":"Shaded","section":"Shading Mode"},"sceneLighting":true,"audioPlay":false,"sceneViewState":{"m_AlwaysRefresh":false,"showFog":true,"showSkybox":false,"showFlares":true,"showImageEffects":true,"showParticleSystems":true,"showVisualEffectGraphs":true,"m_FxEnabled":true},"in2DMode":false,"pivot":{"x":0.19354215264320374,"y":2.442087173461914,"z":-0.8263068199157715},"rotation":{"x":-0.6332659721374512,"y":-0.0011262361658737064,"z":0.0010515345493331552,"w":-0.7738624215126038},"size":9.699484825134278,"orthographic":false}