{"cameraMode":{"drawMode":0,"name":"Shaded","section":"Shading Mode"},"sceneLighting":true,"audioPlay":false,"sceneViewState":{"m_AlwaysRefresh":false,"showFog":true,"showSkybox":false,"showFlares":true,"showImageEffects":true,"showParticleSystems":true,"showVisualEffectGraphs":true,"m_FxEnabled":true},"in2DMode":false,"pivot":{"x":0.14824360609054566,"y":2.262653350830078,"z":-1.8583717346191407},"rotation":{"x":-0.6539167761802673,"y":0.004576174076646566,"z":-0.003822878934442997,"w":-0.7564712762832642},"size":9.699484825134278,"orthographic":false}