{"cameraMode":{"drawMode":0,"name":"Shaded","section":"Shading Mode"},"sceneLighting":true,"audioPlay":false,"sceneViewState":{"m_AlwaysRefresh":false,"showFog":true,"showSkybox":false,"showFlares":true,"showImageEffects":true,"showParticleSystems":true,"showVisualEffectGraphs":true,"m_FxEnabled":true},"in2DMode":false,"pivot":{"x":0.19708281755447389,"y":2.7064247131347658,"z":0.30689239501953127},"rotation":{"x":-0.609768807888031,"y":-0.001157313003204763,"z":0.0010172242764383555,"w":-0.7925094366073608},"size":9.699484825134278,"orthographic":false}