{"cameraMode":{"drawMode":0,"name":"Shaded","section":"Shading Mode"},"sceneLighting":true,"audioPlay":false,"sceneViewState":{"m_AlwaysRefresh":false,"showFog":true,"showSkybox":false,"showFlares":true,"showImageEffects":true,"showParticleSystems":true,"showVisualEffectGraphs":true,"m_FxEnabled":true},"in2DMode":false,"pivot":{"x":0.2942560911178589,"y":-4.50400447845459,"z":0.24956464767456056},"rotation":{"x":-0.6284506320953369,"y":-0.017461493611335756,"z":0.01424463652074337,"w":-0.7774522304534912},"size":9.699484825134278,"orthographic":false}