{"cameraMode":{"drawMode":0,"name":"Shaded","section":"Shading Mode"},"sceneLighting":true,"audioPlay":false,"sceneViewState":{"m_AlwaysRefresh":false,"showFog":true,"showSkybox":false,"showFlares":true,"showImageEffects":true,"showParticleSystems":true,"showVisualEffectGraphs":true,"m_FxEnabled":true},"in2DMode":false,"pivot":{"x":-1.2255730628967286,"y":-6.125154495239258,"z":3.6850881576538088},"rotation":{"x":-0.4792238175868988,"y":0.007914097979664803,"z":-0.004210358019918203,"w":-0.8775990009307861},"size":9.919211387634278,"orthographic":false}