{"cameraMode":{"drawMode":0,"name":"Shaded","section":"Shading Mode"},"sceneLighting":true,"audioPlay":false,"sceneViewState":{"m_AlwaysRefresh":false,"showFog":true,"showSkybox":false,"showFlares":true,"showImageEffects":true,"showParticleSystems":true,"showVisualEffectGraphs":true,"m_FxEnabled":true},"in2DMode":false,"pivot":{"x":-1.0352338552474976,"y":6.241750717163086,"z":-0.39772912859916689},"rotation":{"x":-0.3100660443305969,"y":-0.014262818731367588,"z":0.004755752626806498,"w":-0.9505530595779419},"size":9.919211387634278,"orthographic":false}