{"cameraMode":{"drawMode":0,"name":"Shaded","section":"Shading Mode"},"sceneLighting":true,"audioPlay":false,"sceneViewState":{"m_AlwaysRefresh":false,"showFog":true,"showSkybox":false,"showFlares":true,"showImageEffects":true,"showParticleSystems":true,"showVisualEffectGraphs":true,"m_FxEnabled":true},"in2DMode":false,"pivot":{"x":-0.05102819204330444,"y":-4.571199417114258,"z":4.899010181427002},"rotation":{"x":-0.5271627306938171,"y":0.0076600247994065289,"z":-0.004655671771615744,"w":-0.8496572375297546},"size":9.919211387634278,"orthographic":false}