{"cameraMode":{"drawMode":0,"name":"Shaded","section":"Shading Mode"},"sceneLighting":true,"audioPlay":false,"sceneViewState":{"m_AlwaysRefresh":false,"showFog":true,"showSkybox":false,"showFlares":true,"showImageEffects":true,"showParticleSystems":true,"showVisualEffectGraphs":true,"m_FxEnabled":true},"in2DMode":false,"pivot":{"x":-1.2493431568145753,"y":-6.377704620361328,"z":3.2809762954711916},"rotation":{"x":-0.48971331119537356,"y":0.00917067937552929,"z":-0.005039587616920471,"w":-0.8717725872993469},"size":9.919211387634278,"orthographic":false}