{"cameraMode":{"drawMode":0,"name":"Shaded","section":"Shading Mode"},"sceneLighting":false,"audioPlay":false,"sceneViewState":{"m_AlwaysRefresh":false,"showFog":true,"showSkybox":false,"showFlares":true,"showImageEffects":true,"showParticleSystems":true,"showVisualEffectGraphs":true,"m_FxEnabled":true},"in2DMode":false,"pivot":{"x":0.013750582933425904,"y":-0.015448004007339478,"z":-0.02333865314722061},"rotation":{"x":0.18054865300655366,"y":-0.7433318495750427,"z":0.22316840291023255,"w":0.6065847873687744},"size":0.21650634706020356,"orthographic":false}