{"cameraMode":{"drawMode":0,"name":"Shaded","section":"Shading Mode"},"sceneLighting":true,"audioPlay":false,"sceneViewState":{"m_AlwaysRefresh":false,"showFog":true,"showSkybox":false,"showFlares":true,"showImageEffects":true,"showParticleSystems":true,"showVisualEffectGraphs":true,"m_FxEnabled":true},"in2DMode":false,"pivot":{"x":0.6060680747032166,"y":-1.9305477142333985,"z":0.7025504112243652},"rotation":{"x":-0.5685701370239258,"y":-0.0036766803823411466,"z":0.0026610223576426508,"w":-0.822557806968689},"size":9.919211387634278,"orthographic":false}