{"cameraMode":{"drawMode":0,"name":"Shaded","section":"Shading Mode"},"sceneLighting":true,"audioPlay":false,"sceneViewState":{"m_AlwaysRefresh":false,"showFog":true,"showSkybox":false,"showFlares":true,"showImageEffects":true,"showParticleSystems":true,"showVisualEffectGraphs":true,"m_FxEnabled":true},"in2DMode":false,"pivot":{"x":0.6831802725791931,"y":-1.6198577880859376,"z":1.474571704864502},"rotation":{"x":-0.5511549115180969,"y":-0.0074860998429358009,"z":0.0050634946674108509,"w":-0.8342902064323425},"size":9.919211387634278,"orthographic":false}