{"cameraMode":{"drawMode":0,"name":"Shaded","section":"Shading Mode"},"sceneLighting":true,"audioPlay":false,"sceneViewState":{"m_AlwaysRefresh":false,"showFog":true,"showSkybox":false,"showFlares":true,"showImageEffects":true,"showParticleSystems":true,"showVisualEffectGraphs":true,"m_FxEnabled":true},"in2DMode":false,"pivot":{"x":0.5859549045562744,"y":3.5721378326416017,"z":1.249497413635254},"rotation":{"x":-0.47922536730766299,"y":-0.005251236259937286,"z":0.002980797551572323,"w":-0.8776116967201233},"size":9.919211387634278,"orthographic":false}