{"cameraMode":{"drawMode":0,"name":"Shaded","section":"Shading Mode"},"sceneLighting":true,"audioPlay":false,"sceneViewState":{"m_AlwaysRefresh":false,"showFog":true,"showSkybox":false,"showFlares":true,"showImageEffects":true,"showParticleSystems":true,"showVisualEffectGraphs":true,"m_FxEnabled":true},"in2DMode":false,"pivot":{"x":1.3233323097229005,"y":-1.3551230430603028,"z":1.7707997560501099},"rotation":{"x":-0.6097646355628967,"y":-0.00234670820645988,"z":0.0019310767529532314,"w":-0.7925052642822266},"size":9.919211387634278,"orthographic":false}