{"cameraMode":{"drawMode":0,"name":"Shaded","section":"Shading Mode"},"sceneLighting":false,"audioPlay":false,"sceneViewState":{"m_AlwaysRefresh":false,"showFog":true,"showSkybox":false,"showFlares":true,"showImageEffects":true,"showParticleSystems":true,"showVisualEffectGraphs":true,"m_FxEnabled":true},"in2DMode":false,"pivot":{"x":2.6783299446105959,"y":2.8374664783477785,"z":-0.3587818145751953},"rotation":{"x":0.10449953377246857,"y":-0.10804659128189087,"z":0.011349793523550034,"w":0.9885326027870178},"size":0.6348272562026978,"orthographic":false}