{"cameraMode":{"drawMode":0,"name":"Shaded","section":"Shading Mode"},"sceneLighting":false,"audioPlay":false,"sceneViewState":{"m_AlwaysRefresh":false,"showFog":true,"showSkybox":false,"showFlares":true,"showImageEffects":true,"showParticleSystems":true,"showVisualEffectGraphs":true,"m_FxEnabled":true},"in2DMode":false,"pivot":{"x":-5.723541259765625,"y":2.5935258865356447,"z":3.762443780899048},"rotation":{"x":0.28817006945610049,"y":0.39628875255584719,"z":-0.13262593746185304,"w":0.8615434169769287},"size":0.6348272562026978,"orthographic":false}