{"cameraMode":{"drawMode":0,"name":"Shaded","section":"Shading Mode"},"sceneLighting":false,"audioPlay":false,"sceneViewState":{"m_AlwaysRefresh":false,"showFog":true,"showSkybox":false,"showFlares":true,"showImageEffects":true,"showParticleSystems":true,"showVisualEffectGraphs":true,"m_FxEnabled":true},"in2DMode":false,"pivot":{"x":3.827730655670166,"y":2.346376895904541,"z":3.8891525268554689},"rotation":{"x":0.47860121726989748,"y":-0.04552946239709854,"z":0.024777833372354509,"w":0.8764553070068359},"size":0.6348272562026978,"orthographic":false}