{"cameraMode":{"drawMode":0,"name":"Shaded","section":"Shading Mode"},"sceneLighting":true,"audioPlay":false,"sceneViewState":{"m_AlwaysRefresh":false,"showFog":true,"showSkybox":false,"showFlares":true,"showImageEffects":true,"showParticleSystems":true,"showVisualEffectGraphs":true,"m_FxEnabled":true},"in2DMode":false,"pivot":{"x":-0.05594737455248833,"y":1.385482668876648,"z":-0.5551295280456543},"rotation":{"x":0.5499601364135742,"y":-0.00552204018458724,"z":0.0035185308661311867,"w":0.8352009057998657},"size":9.919211387634278,"orthographic":false}