{"cameraMode":{"drawMode":0,"name":"Shaded","section":"Shading Mode"},"sceneLighting":false,"audioPlay":false,"sceneViewState":{"m_AlwaysRefresh":false,"showFog":true,"showSkybox":false,"showFlares":true,"showImageEffects":true,"showParticleSystems":true,"showVisualEffectGraphs":true,"m_FxEnabled":true},"in2DMode":false,"pivot":{"x":-7.200919151306152,"y":0.009842956438660622,"z":2.776348352432251},"rotation":{"x":-0.008327187970280648,"y":0.8749484419822693,"z":-0.019778117537498475,"w":-0.48518136143684389},"size":6.664973735809326,"orthographic":false}