{"cameraMode":{"drawMode":0,"name":"Shaded","section":"Shading Mode"},"sceneLighting":false,"audioPlay":false,"sceneViewState":{"m_AlwaysRefresh":false,"showFog":true,"showSkybox":false,"showFlares":true,"showImageEffects":true,"showParticleSystems":true,"showVisualEffectGraphs":true,"m_FxEnabled":true},"in2DMode":false,"pivot":{"x":2.4480321407318117,"y":3.362889289855957,"z":-2.4393205642700197},"rotation":{"x":-0.005571844056248665,"y":0.9889801144599915,"z":0.05798105522990227,"w":0.14125505089759828},"size":6.664973735809326,"orthographic":false}