{"cameraMode":{"drawMode":0,"name":"Shaded","section":"Shading Mode"},"sceneLighting":true,"audioPlay":false,"sceneViewState":{"m_AlwaysRefresh":false,"showFog":true,"showSkybox":false,"showFlares":true,"showImageEffects":true,"showParticleSystems":true,"showVisualEffectGraphs":true,"m_FxEnabled":true},"in2DMode":false,"pivot":{"x":-1.8430464267730713,"y":-5.8600616455078129,"z":3.6577534675598146},"rotation":{"x":-0.46545809507369997,"y":0.07946334034204483,"z":-0.04190491884946823,"w":-0.8804300427436829},"size":9.919211387634278,"orthographic":false}