{"cameraMode":{"drawMode":0,"name":"Shaded","section":"Shading Mode"},"sceneLighting":true,"audioPlay":false,"sceneViewState":{"m_AlwaysRefresh":false,"showFog":true,"showSkybox":false,"showFlares":true,"showImageEffects":true,"showParticleSystems":true,"showVisualEffectGraphs":true,"m_FxEnabled":true},"in2DMode":false,"pivot":{"x":0.31949618458747866,"y":-4.404375076293945,"z":1.6954255104064942},"rotation":{"x":-0.6250983476638794,"y":0.0035415831953287126,"z":-0.0027158078737556936,"w":-0.7804574966430664},"size":9.919211387634278,"orthographic":false}