{"cameraMode":{"drawMode":0,"name":"Shaded","section":"Shading Mode"},"sceneLighting":true,"audioPlay":false,"sceneViewState":{"m_AlwaysRefresh":false,"showFog":true,"showSkybox":false,"showFlares":true,"showImageEffects":true,"showParticleSystems":true,"showVisualEffectGraphs":true,"m_FxEnabled":true},"in2DMode":false,"pivot":{"x":1.6275136470794678,"y":14.687052726745606,"z":3.1477861404418947},"rotation":{"x":-0.39655718207359316,"y":0.045410312712192538,"z":-0.01954890973865986,"w":-0.9166152477264404},"size":9.919211387634278,"orthographic":false}