{"cameraMode":{"drawMode":0,"name":"Shaded","section":"Shading Mode"},"sceneLighting":true,"audioPlay":false,"sceneViewState":{"m_AlwaysRefresh":false,"showFog":true,"showSkybox":false,"showFlares":true,"showImageEffects":true,"showParticleSystems":true,"showVisualEffectGraphs":true,"m_FxEnabled":true},"in2DMode":false,"pivot":{"x":0.2352341115474701,"y":-4.475543975830078,"z":1.2400665283203126},"rotation":{"x":-0.5893363356590271,"y":-0.007241825107485056,"z":0.005406736861914396,"w":-0.8077619075775147},"size":9.919211387634278,"orthographic":false}