{"cameraMode":{"drawMode":0,"name":"Shaded","section":"Shading Mode"},"sceneLighting":true,"audioPlay":false,"sceneViewState":{"m_AlwaysRefresh":false,"showFog":true,"showSkybox":false,"showFlares":true,"showImageEffects":true,"showParticleSystems":true,"showVisualEffectGraphs":true,"m_FxEnabled":true},"in2DMode":false,"pivot":{"x":1.2430570125579835,"y":15.65600299835205,"z":-5.116159915924072},"rotation":{"x":-0.42403629422187807,"y":-0.03665902465581894,"z":0.017278457060456277,"w":-0.9046728014945984},"size":5.954016208648682,"orthographic":false}