{"cameraMode":{"drawMode":0,"name":"Shaded","section":"Shading Mode"},"sceneLighting":true,"audioPlay":false,"sceneViewState":{"m_AlwaysRefresh":false,"showFog":true,"showSkybox":false,"showFlares":true,"showImageEffects":true,"showParticleSystems":true,"showVisualEffectGraphs":true,"m_FxEnabled":true},"in2DMode":false,"pivot":{"x":1.4617010354995728,"y":6.694096565246582,"z":-0.7104897499084473},"rotation":{"x":-0.6355730891227722,"y":-0.0034395710099488498,"z":0.0029608686454594137,"w":-0.7719414234161377},"size":5.954016208648682,"orthographic":false}