{"cameraMode":{"drawMode":0,"name":"Shaded","section":"Shading Mode"},"sceneLighting":true,"audioPlay":false,"sceneViewState":{"m_AlwaysRefresh":false,"showFog":true,"showSkybox":false,"showFlares":true,"showImageEffects":true,"showParticleSystems":true,"showVisualEffectGraphs":true,"m_FxEnabled":true},"in2DMode":false,"pivot":{"x":0.6534104943275452,"y":4.5691070556640629,"z":-1.0855398178100587},"rotation":{"x":-0.6390402317047119,"y":0.0046381293796002869,"z":-0.003742771688848734,"w":-0.7690720558166504},"size":5.954016208648682,"orthographic":false}