{"cameraMode":{"drawMode":0,"name":"Shaded","section":"Shading Mode"},"sceneLighting":true,"audioPlay":false,"sceneViewState":{"m_AlwaysRefresh":false,"showFog":true,"showSkybox":false,"showFlares":true,"showImageEffects":true,"showParticleSystems":true,"showVisualEffectGraphs":true,"m_FxEnabled":true},"in2DMode":false,"pivot":{"x":-0.9865625500679016,"y":0.6362136602401733,"z":2.3334522247314455},"rotation":{"x":-0.23038330674171449,"y":0.6851255297660828,"z":-0.24409417808055879,"w":-0.6463873982429504},"size":5.954016208648682,"orthographic":false}