{"cameraMode":{"drawMode":0,"name":"Shaded","section":"Shading Mode"},"sceneLighting":true,"audioPlay":false,"sceneViewState":{"m_AlwaysRefresh":false,"showFog":true,"showSkybox":false,"showFlares":true,"showImageEffects":true,"showParticleSystems":true,"showVisualEffectGraphs":true,"m_FxEnabled":true},"in2DMode":false,"pivot":{"x":0.5961208343505859,"y":4.639769554138184,"z":-0.7366800308227539},"rotation":{"x":-0.6273597478866577,"y":0.012868385761976242,"z":-0.010260441340506077,"w":-0.7784788012504578},"size":5.954016208648682,"orthographic":false}