{"cameraMode":{"drawMode":0,"name":"Shaded","section":"Shading Mode"},"sceneLighting":false,"audioPlay":false,"sceneViewState":{"m_AlwaysRefresh":false,"showFog":true,"showSkybox":true,"showFlares":true,"showImageEffects":true,"showParticleSystems":true,"showVisualEffectGraphs":true,"m_FxEnabled":true},"in2DMode":false,"pivot":{"x":2.0927116870880129,"y":0.9534749984741211,"z":0.9255058765411377},"rotation":{"x":0.09285996854305268,"y":-0.9036827683448792,"z":0.27317100763320925,"w":0.3210073411464691},"size":2.36602520942688,"orthographic":false}