{"cameraMode":{"drawMode":0,"name":"Shaded","section":"Shading Mode"},"sceneLighting":true,"audioPlay":false,"sceneViewState":{"m_AlwaysRefresh":false,"showFog":true,"showSkybox":true,"showFlares":true,"showImageEffects":true,"showParticleSystems":true,"showVisualEffectGraphs":true,"m_FxEnabled":true},"in2DMode":false,"pivot":{"x":-24.49113655090332,"y":10.398984909057618,"z":-20.197723388671876},"rotation":{"x":-0.47823065519332888,"y":0.08534692972898483,"z":-0.0514867901802063,"w":-0.8735173344612122},"size":1.0825318098068238,"orthographic":false}