{"cameraMode":{"drawMode":0,"name":"Shaded","section":"Shading Mode"},"sceneLighting":true,"audioPlay":false,"sceneViewState":{"m_AlwaysRefresh":false,"showFog":true,"showSkybox":true,"showFlares":true,"showImageEffects":true,"showParticleSystems":true,"showVisualEffectGraphs":true,"m_FxEnabled":true},"in2DMode":false,"pivot":{"x":0.8186558485031128,"y":3.5890612602233888,"z":1.5018131732940674},"rotation":{"x":-0.01416065078228712,"y":0.9237759113311768,"z":-0.38437503576278689,"w":-0.03907571732997894},"size":0.4330155849456787,"orthographic":false}