{"cameraMode":{"drawMode":0,"name":"Shaded","section":"Shading Mode"},"sceneLighting":true,"audioPlay":false,"sceneViewState":{"m_AlwaysRefresh":false,"showFog":true,"showSkybox":true,"showFlares":true,"showImageEffects":true,"showParticleSystems":true,"showVisualEffectGraphs":true,"m_FxEnabled":true},"in2DMode":false,"pivot":{"x":-0.36251190304756167,"y":20.593982696533204,"z":8.64633846282959},"rotation":{"x":-0.01214507594704628,"y":-0.8717451095581055,"z":0.49134162068367007,"w":-0.01321618165820837},"size":1.0825318098068238,"orthographic":false}