{"cameraMode":{"drawMode":0,"name":"Shaded","section":"Shading Mode"},"sceneLighting":true,"audioPlay":false,"sceneViewState":{"m_AlwaysRefresh":false,"showFog":true,"showSkybox":true,"showFlares":true,"showImageEffects":true,"showParticleSystems":true,"showVisualEffectGraphs":true,"m_FxEnabled":true},"in2DMode":false,"pivot":{"x":0.893041729927063,"y":-1.076803207397461,"z":5.0495123863220219},"rotation":{"x":0.214620903134346,"y":0.00615923386067152,"z":-0.0013754182728007436,"w":0.9766700863838196},"size":4.533974647521973,"orthographic":false}