{"cameraMode":{"drawMode":0,"name":"Shaded","section":"Shading Mode"},"sceneLighting":true,"audioPlay":false,"sceneViewState":{"m_AlwaysRefresh":false,"showFog":true,"showSkybox":false,"showFlares":true,"showImageEffects":true,"showParticleSystems":true,"showVisualEffectGraphs":true,"m_FxEnabled":true},"in2DMode":false,"pivot":{"x":-0.5188107490539551,"y":12.644624710083008,"z":-2.959239959716797},"rotation":{"x":0.45784491300582888,"y":0.025851985439658166,"z":-0.013409927487373352,"w":0.8885049223899841},"size":7.524842262268066,"orthographic":false}