{"cameraMode":{"drawMode":0,"name":"Shaded","section":"Shading Mode"},"sceneLighting":true,"audioPlay":false,"sceneViewState":{"m_AlwaysRefresh":false,"showFog":true,"showSkybox":false,"showFlares":true,"showImageEffects":true,"showParticleSystems":true,"showVisualEffectGraphs":true,"m_FxEnabled":true},"in2DMode":false,"pivot":{"x":1.9121918678283692,"y":5.99661922454834,"z":-2.0006542205810549},"rotation":{"x":0.4405997693538666,"y":0.008605043403804303,"z":-0.004320081323385239,"w":0.8975988030433655},"size":7.524842262268066,"orthographic":false}