{"cameraMode":{"drawMode":0,"name":"Shaded","section":"Shading Mode"},"sceneLighting":true,"audioPlay":false,"sceneViewState":{"m_AlwaysRefresh":false,"showFog":true,"showSkybox":false,"showFlares":true,"showImageEffects":true,"showParticleSystems":true,"showVisualEffectGraphs":true,"m_FxEnabled":true},"in2DMode":false,"pivot":{"x":-0.5190076231956482,"y":1.6178712844848633,"z":-0.3962082862854004},"rotation":{"x":0.5869453549385071,"y":0.00046265433775261045,"z":-0.0004323508474044502,"w":0.8095710873603821},"size":7.524842262268066,"orthographic":false}