{"cameraMode":{"drawMode":0,"name":"Shaded","section":"Shading Mode"},"sceneLighting":true,"audioPlay":false,"sceneViewState":{"m_AlwaysRefresh":false,"showFog":true,"showSkybox":false,"showFlares":true,"showImageEffects":true,"showParticleSystems":true,"showVisualEffectGraphs":true,"m_FxEnabled":true},"in2DMode":false,"pivot":{"x":-0.15665090084075929,"y":-0.6170196533203125,"z":0.4496312141418457},"rotation":{"x":0.5660927891731262,"y":-0.006935096345841885,"z":0.00468759099021554,"w":0.8242434859275818},"size":9.919211387634278,"orthographic":false}