{"cameraMode":{"drawMode":0,"name":"Shaded","section":"Shading Mode"},"sceneLighting":true,"audioPlay":false,"sceneViewState":{"m_AlwaysRefresh":false,"showFog":true,"showSkybox":false,"showFlares":true,"showImageEffects":true,"showParticleSystems":true,"showVisualEffectGraphs":true,"m_FxEnabled":true},"in2DMode":false,"pivot":{"x":0.10858293622732163,"y":-0.8222789764404297,"z":-0.10945463180541992},"rotation":{"x":0.5783756375312805,"y":0.009041592478752137,"z":-0.0064878505654633049,"w":0.8156384825706482},"size":9.919211387634278,"orthographic":false}