{"cameraMode":{"drawMode":0,"name":"Shaded","section":"Shading Mode"},"sceneLighting":true,"audioPlay":false,"sceneViewState":{"m_AlwaysRefresh":false,"showFog":true,"showSkybox":false,"showFlares":true,"showImageEffects":true,"showParticleSystems":true,"showVisualEffectGraphs":true,"m_FxEnabled":true},"in2DMode":false,"pivot":{"x":15.052112579345704,"y":8.41781997680664,"z":0.36438697576522829},"rotation":{"x":0.4987294673919678,"y":-0.06566350907087326,"z":0.03785735368728638,"w":0.8633871078491211},"size":9.919211387634278,"orthographic":false}