{"cameraMode":{"drawMode":0,"name":"Shaded","section":"Shading Mode"},"sceneLighting":true,"audioPlay":false,"sceneViewState":{"m_AlwaysRefresh":false,"showFog":true,"showSkybox":false,"showFlares":true,"showImageEffects":true,"showParticleSystems":true,"showVisualEffectGraphs":true,"m_FxEnabled":true},"in2DMode":false,"pivot":{"x":0.35013866424560549,"y":5.460002899169922,"z":2.093491554260254},"rotation":{"x":0.17262738943099976,"y":0.8260562419891357,"z":-0.3469129502773285,"w":0.4097874164581299},"size":11.209553718566895,"orthographic":false}