{"cameraMode":{"drawMode":0,"name":"Shaded","section":"Shading Mode"},"sceneLighting":true,"audioPlay":false,"sceneViewState":{"m_AlwaysRefresh":false,"showFog":true,"showSkybox":false,"showFlares":true,"showImageEffects":true,"showParticleSystems":true,"showVisualEffectGraphs":true,"m_FxEnabled":true},"in2DMode":false,"pivot":{"x":0.6968679428100586,"y":0.05379676818847656,"z":-1.9743033647537232},"rotation":{"x":0.26922914385795596,"y":-0.6546853184700012,"z":0.2773325443267822,"w":0.6515309810638428},"size":7.153320789337158,"orthographic":false}